{
  "lang":"en",
  "name":"pipeline",
  "version":"0.0.0",
  "spacy_version":">=3.7.2,<3.8.0",
  "description":"",
  "author":"",
  "email":"",
  "url":"",
  "license":"",
  "spacy_git_version":"a89eae928",
  "vectors":{
    "width":0,
    "vectors":0,
    "keys":0,
    "name":null,
    "mode":"default"
  },
  "labels":{
    "tok2vec":[

    ],
    "ner":[
      "College Name",
      "Companies worked at",
      "Degree",
      "Designation",
      "Email Address",
      "Graduation Year",
      "Location",
      "Name",
      "Skills",
      "UNKNOWN",
      "Years of Experience"
    ]
  },
  "pipeline":[
    "tok2vec",
    "ner"
  ],
  "components":[
    "tok2vec",
    "ner"
  ],
  "disabled":[

  ],
  "performance":{
    "ents_f":0.5201465201,
    "ents_p":0.6147186147,
    "ents_r":0.4507936508,
    "ents_per_type":{
      "Name":{
        "p":0.9545454545,
        "r":0.9130434783,
        "f":0.9333333333
      },
      "Email Address":{
        "p":0.75,
        "r":0.8823529412,
        "f":0.8108108108
      },
      "Location":{
        "p":0.5333333333,
        "r":0.4571428571,
        "f":0.4923076923
      },
      "Degree":{
        "p":0.7142857143,
        "r":0.7407407407,
        "f":0.7272727273
      },
      "College Name":{
        "p":0.6,
        "r":0.4545454545,
        "f":0.5172413793
      },
      "Graduation Year":{
        "p":0.5333333333,
        "r":0.3636363636,
        "f":0.4324324324
      },
      "Skills":{
        "p":0.2631578947,
        "r":0.1785714286,
        "f":0.2127659574
      },
      "Companies worked at":{
        "p":0.4594594595,
        "r":0.2207792208,
        "f":0.298245614
      },
      "Designation":{
        "p":0.7575757576,
        "r":0.5208333333,
        "f":0.6172839506
      },
      "Years of Experience":{
        "p":0.0,
        "r":0.0,
        "f":0.0
      }
    },
    "tok2vec_loss":7118.3029046489,
    "ner_loss":870.829919599
  }
}