{
  "lang":"en",
  "name":"pipeline",
  "version":"0.0.0",
  "spacy_version":">=3.7.2,<3.8.0",
  "description":"",
  "author":"",
  "email":"",
  "url":"",
  "license":"",
  "spacy_git_version":"a89eae928",
  "vectors":{
    "width":0,
    "vectors":0,
    "keys":0,
    "name":null,
    "mode":"default"
  },
  "labels":{
    "tok2vec":[

    ],
    "ner":[
      "College Name",
      "Companies worked at",
      "Degree",
      "Designation",
      "Email Address",
      "Graduation Year",
      "Location",
      "Name",
      "Skills",
      "UNKNOWN",
      "Years of Experience"
    ]
  },
  "pipeline":[
    "tok2vec",
    "ner"
  ],
  "components":[
    "tok2vec",
    "ner"
  ],
  "disabled":[

  ],
  "performance":{
    "ents_f":0.4862888483,
    "ents_p":0.5732758621,
    "ents_r":0.4222222222,
    "ents_per_type":{
      "Name":{
        "p":0.9523809524,
        "r":0.8695652174,
        "f":0.9090909091
      },
      "Email Address":{
        "p":0.75,
        "r":0.8823529412,
        "f":0.8108108108
      },
      "Designation":{
        "p":0.6470588235,
        "r":0.4583333333,
        "f":0.5365853659
      },
      "Location":{
        "p":0.5185185185,
        "r":0.4,
        "f":0.4516129032
      },
      "Skills":{
        "p":0.2105263158,
        "r":0.1428571429,
        "f":0.170212766
      },
      "Companies worked at":{
        "p":0.4347826087,
        "r":0.2597402597,
        "f":0.325203252
      },
      "College Name":{
        "p":0.55,
        "r":0.3333333333,
        "f":0.4150943396
      },
      "Degree":{
        "p":0.75,
        "r":0.7777777778,
        "f":0.7636363636
      },
      "Years of Experience":{
        "p":0.0,
        "r":0.0,
        "f":0.0
      },
      "Graduation Year":{
        "p":0.375,
        "r":0.2727272727,
        "f":0.3157894737
      }
    },
    "tok2vec_loss":4149.899322783,
    "ner_loss":983.8341199298
  }
}