{
  "lang":"en",
  "name":"pipeline",
  "version":"0.0.0",
  "spacy_version":">=3.7.2,<3.8.0",
  "description":"",
  "author":"",
  "email":"",
  "url":"",
  "license":"",
  "spacy_git_version":"a89eae928",
  "vectors":{
    "width":0,
    "vectors":0,
    "keys":0,
    "name":null,
    "mode":"default"
  },
  "labels":{
    "tok2vec":[

    ],
    "ner":[
      "College Name",
      "Companies worked at",
      "Degree",
      "Designation",
      "Email Address",
      "Graduation Year",
      "Location",
      "Name",
      "Skills",
      "UNKNOWN",
      "Years of Experience"
    ]
  },
  "pipeline":[
    "tok2vec",
    "ner"
  ],
  "components":[
    "tok2vec",
    "ner"
  ],
  "disabled":[

  ],
  "performance":{
    "ents_f":0.4571428571,
    "ents_p":0.5714285714,
    "ents_r":0.380952381,
    "ents_per_type":{
      "Name":{
        "p":0.9047619048,
        "r":0.8260869565,
        "f":0.8636363636
      },
      "Email Address":{
        "p":0.7619047619,
        "r":0.9411764706,
        "f":0.8421052632
      },
      "Companies worked at":{
        "p":0.2790697674,
        "r":0.1558441558,
        "f":0.2
      },
      "Degree":{
        "p":0.68,
        "r":0.6296296296,
        "f":0.6538461538
      },
      "College Name":{
        "p":0.619047619,
        "r":0.3939393939,
        "f":0.4814814815
      },
      "Skills":{
        "p":0.3181818182,
        "r":0.25,
        "f":0.28
      },
      "Location":{
        "p":0.7058823529,
        "r":0.3428571429,
        "f":0.4615384615
      },
      "Designation":{
        "p":0.6896551724,
        "r":0.4166666667,
        "f":0.5194805195
      },
      "Years of Experience":{
        "p":0.0,
        "r":0.0,
        "f":0.0
      },
      "Graduation Year":{
        "p":0.4444444444,
        "r":0.1818181818,
        "f":0.2580645161
      }
    },
    "tok2vec_loss":1129.0555140457,
    "ner_loss":1011.5920313117
  }
}