{
  "lang":"en",
  "name":"pipeline",
  "version":"0.0.0",
  "spacy_version":">=3.7.2,<3.8.0",
  "description":"",
  "author":"",
  "email":"",
  "url":"",
  "license":"",
  "spacy_git_version":"a89eae928",
  "vectors":{
    "width":0,
    "vectors":0,
    "keys":0,
    "name":null,
    "mode":"default"
  },
  "labels":{
    "tok2vec":[

    ],
    "ner":[
      "College Name",
      "Companies worked at",
      "Degree",
      "Designation",
      "Email Address",
      "Graduation Year",
      "Location",
      "Name",
      "Skills",
      "UNKNOWN",
      "Years of Experience"
    ]
  },
  "pipeline":[
    "tok2vec",
    "ner"
  ],
  "components":[
    "tok2vec",
    "ner"
  ],
  "disabled":[

  ],
  "performance":{
    "ents_f":0.5309734513,
    "ents_p":0.6,
    "ents_r":0.4761904762,
    "ents_per_type":{
      "Name":{
        "p":0.9545454545,
        "r":0.9130434783,
        "f":0.9333333333
      },
      "Email Address":{
        "p":0.7619047619,
        "r":0.9411764706,
        "f":0.8421052632
      },
      "Graduation Year":{
        "p":0.380952381,
        "r":0.3636363636,
        "f":0.3720930233
      },
      "College Name":{
        "p":0.6818181818,
        "r":0.4545454545,
        "f":0.5454545455
      },
      "Location":{
        "p":0.5714285714,
        "r":0.4571428571,
        "f":0.5079365079
      },
      "Skills":{
        "p":0.1666666667,
        "r":0.1071428571,
        "f":0.1304347826
      },
      "Companies worked at":{
        "p":0.4761904762,
        "r":0.3896103896,
        "f":0.4285714286
      },
      "Degree":{
        "p":0.76,
        "r":0.7037037037,
        "f":0.7307692308
      },
      "Designation":{
        "p":0.75,
        "r":0.4375,
        "f":0.5526315789
      },
      "Years of Experience":{
        "p":0.5,
        "r":0.2,
        "f":0.2857142857
      }
    },
    "tok2vec_loss":7789.7871591363,
    "ner_loss":611.8198984238
  }
}