{
  "lang":"en",
  "name":"pipeline",
  "version":"0.0.0",
  "spacy_version":">=3.7.2,<3.8.0",
  "description":"",
  "author":"",
  "email":"",
  "url":"",
  "license":"",
  "spacy_git_version":"a89eae928",
  "vectors":{
    "width":0,
    "vectors":0,
    "keys":0,
    "name":null,
    "mode":"default"
  },
  "labels":{
    "tok2vec":[

    ],
    "ner":[
      "College Name",
      "Companies worked at",
      "Degree",
      "Designation",
      "Email Address",
      "Graduation Year",
      "Location",
      "Name",
      "Skills",
      "UNKNOWN",
      "Years of Experience"
    ]
  },
  "pipeline":[
    "tok2vec",
    "ner"
  ],
  "components":[
    "tok2vec",
    "ner"
  ],
  "disabled":[

  ],
  "performance":{
    "ents_f":0.4990825688,
    "ents_p":0.5913043478,
    "ents_r":0.4317460317,
    "ents_per_type":{
      "Name":{
        "p":0.9473684211,
        "r":0.7826086957,
        "f":0.8571428571
      },
      "Location":{
        "p":0.5833333333,
        "r":0.4,
        "f":0.4745762712
      },
      "Email Address":{
        "p":0.75,
        "r":0.8823529412,
        "f":0.8108108108
      },
      "Designation":{
        "p":0.5897435897,
        "r":0.4791666667,
        "f":0.5287356322
      },
      "Companies worked at":{
        "p":0.431372549,
        "r":0.2857142857,
        "f":0.34375
      },
      "Degree":{
        "p":0.75,
        "r":0.6666666667,
        "f":0.7058823529
      },
      "College Name":{
        "p":0.652173913,
        "r":0.4545454545,
        "f":0.5357142857
      },
      "Skills":{
        "p":0.2307692308,
        "r":0.1071428571,
        "f":0.1463414634
      },
      "Years of Experience":{
        "p":0.0,
        "r":0.0,
        "f":0.0
      },
      "Graduation Year":{
        "p":0.5,
        "r":0.3636363636,
        "f":0.4210526316
      }
    },
    "tok2vec_loss":2145.0085868717,
    "ner_loss":843.1681592515
  }
}