{
  "lang":"en",
  "name":"pipeline",
  "version":"0.0.0",
  "spacy_version":">=3.7.2,<3.8.0",
  "description":"",
  "author":"",
  "email":"",
  "url":"",
  "license":"",
  "spacy_git_version":"a89eae928",
  "vectors":{
    "width":0,
    "vectors":0,
    "keys":0,
    "name":null,
    "mode":"default"
  },
  "labels":{
    "tok2vec":[

    ],
    "ner":[
      "College Name",
      "Companies worked at",
      "Degree",
      "Designation",
      "Email Address",
      "Graduation Year",
      "Location",
      "Name",
      "Skills",
      "UNKNOWN",
      "Years of Experience"
    ]
  },
  "pipeline":[
    "tok2vec",
    "ner"
  ],
  "components":[
    "tok2vec",
    "ner"
  ],
  "disabled":[

  ],
  "performance":{
    "ents_f":0.4955116697,
    "ents_p":0.5702479339,
    "ents_r":0.4380952381,
    "ents_per_type":{
      "Name":{
        "p":0.9,
        "r":0.7826086957,
        "f":0.8372093023
      },
      "Location":{
        "p":0.5161290323,
        "r":0.4571428571,
        "f":0.4848484848
      },
      "Email Address":{
        "p":0.7894736842,
        "r":0.8823529412,
        "f":0.8333333333
      },
      "Companies worked at":{
        "p":0.4032258065,
        "r":0.3246753247,
        "f":0.3597122302
      },
      "Graduation Year":{
        "p":0.45,
        "r":0.4090909091,
        "f":0.4285714286
      },
      "Degree":{
        "p":0.8214285714,
        "r":0.8518518519,
        "f":0.8363636364
      },
      "College Name":{
        "p":0.6470588235,
        "r":0.3333333333,
        "f":0.44
      },
      "Skills":{
        "p":0.1578947368,
        "r":0.1071428571,
        "f":0.1276595745
      },
      "Designation":{
        "p":0.7083333333,
        "r":0.3541666667,
        "f":0.4722222222
      },
      "Years of Experience":{
        "p":0.5,
        "r":0.2,
        "f":0.2857142857
      }
    },
    "tok2vec_loss":1738.7749514827,
    "ner_loss":907.742603371
  }
}