{
  "token_acc":1.0,
  "token_p":1.0,
  "token_r":1.0,
  "token_f":1.0,
  "ents_p":0.7918215613,
  "ents_r":0.740354536,
  "ents_f":0.7652236393,
  "ents_per_type":{
    "Name":{
      "p":0.9949748744,
      "r":1.0,
      "f":0.9974811083
    },
    "Designation":{
      "p":0.8115942029,
      "r":0.909512761,
      "f":0.8577680525
    },
    "Location":{
      "p":0.7569060773,
      "r":0.7267904509,
      "f":0.7415426252
    },
    "Email Address":{
      "p":0.993902439,
      "r":0.9532163743,
      "f":0.9731343284
    },
    "Degree":{
      "p":0.73,
      "r":0.9480519481,
      "f":0.8248587571
    },
    "Skills":{
      "p":0.5539906103,
      "r":0.3180592992,
      "f":0.404109589
    },
    "College Name":{
      "p":0.8905660377,
      "r":0.9328063241,
      "f":0.9111969112
    },
    "Companies worked at":{
      "p":0.7816326531,
      "r":0.6458684654,
      "f":0.7072945522
    },
    "Graduation Year":{
      "p":0.6825396825,
      "r":0.6028037383,
      "f":0.6401985112
    },
    "Years of Experience":{
      "p":0.72,
      "r":0.4864864865,
      "f":0.5806451613
    },
    "UNKNOWN":{
      "p":0.0,
      "r":0.0,
      "f":0.0
    }
  },
  "speed":7459.3778529178
}